---
layout: null
---
<?xml version="1.0" encoding="UTF-8"?>
<rss version="2.0" xmlns:atom="http://www.w3.org/2005/Atom">
  <channel>
    <title>{{ site.title | xml_escape }} - Articles</title>
    <description>{% if site.description %}{{ site.description | xml_escape }}{% endif %}</description>
    <link>
    {{ site.url }}{{ site.baseurl }}</link>
    {% for post in site.posts %}
      {% unless post.link %}
      <item>
        <title>{{ post.title | xml_escape }}</title>
        {% if post.excerpt %}
          <description>{{ post.excerpt | xml_escape }}</description>
        {% else %}
          <description>{{ post.content | xml_escape }}</description>
        {% endif %}
        <pubDate>{{ post.date | date: "%a, %d %b %Y %H:%M:%S %z" }}</pubDate>
        <link>
        {{ site.url }}{{ site.baseurl }}{{ post.url }}</link>
        <guid isPermaLink="true">{{ site.url }}{{ site.baseurl }}{{ post.url }}</guid>
      </item>
      {% endunless %}
    {% endfor %}
  </channel>
</rss>
